[ {
  "uid" : "4d9f8314e6743505",
  "name" : "Verify placeholders and input errors",
  "time" : {
    "start" : 1643361229374,
    "stop" : 1643361233808,
    "duration" : 4434
  },
  "status" : "passed",
  "severity" : "normal"
}, {
  "uid" : "a6c7e6529ad677c6",
  "name" : "Fill in Contact form and verify it is submitted without lastname",
  "time" : {
    "start" : 1643361245026,
    "stop" : 1643361247984,
    "duration" : 2958
  },
  "status" : "passed",
  "severity" : "normal"
}, {
  "uid" : "a321b78075621018",
  "name" : "Fill in Contact form and verify it is submitted with lastname",
  "time" : {
    "start" : 1643361238047,
    "stop" : 1643361241135,
    "duration" : 3088
  },
  "status" : "passed",
  "severity" : "normal"
} ]