{
  "27796acc38ae30467d4dacc1e9132d99" : {
    "statistic" : {
      "failed" : 0,
      "broken" : 0,
      "skipped" : 0,
      "passed" : 1,
      "unknown" : 0,
      "total" : 1
    },
    "items" : [ {
      "uid" : "a6c7e6529ad677c6",
      "status" : "passed",
      "time" : {
        "start" : 1643361245026,
        "stop" : 1643361247984,
        "duration" : 2958
      }
    } ]
  },
  "436ba5f631242acab94e13799e386f05" : {
    "statistic" : {
      "failed" : 0,
      "broken" : 0,
      "skipped" : 0,
      "passed" : 1,
      "unknown" : 0,
      "total" : 1
    },
    "items" : [ {
      "uid" : "a321b78075621018",
      "status" : "passed",
      "time" : {
        "start" : 1643361238047,
        "stop" : 1643361241135,
        "duration" : 3088
      }
    } ]
  },
  "3fb690a479a3d446ef74a1cd332320f1" : {
    "statistic" : {
      "failed" : 0,
      "broken" : 0,
      "skipped" : 0,
      "passed" : 1,
      "unknown" : 0,
      "total" : 1
    },
    "items" : [ {
      "uid" : "4d9f8314e6743505",
      "status" : "passed",
      "time" : {
        "start" : 1643361229374,
        "stop" : 1643361233808,
        "duration" : 4434
      }
    } ]
  }
}