{
  "uid" : "b1a8273437954620fa374b796ffaacdd",
  "name" : "behaviors",
  "children" : [ {
    "name" : "Verify placeholders and input errors",
    "uid" : "4d9f8314e6743505",
    "parentUid" : "b1a8273437954620fa374b796ffaacdd",
    "status" : "passed",
    "time" : {
      "start" : 1643361229374,
      "stop" : 1643361233808,
      "duration" : 4434
    },
    "flaky" : false,
    "newFailed" : false,
    "newPassed" : false,
    "newBroken" : false,
    "retriesCount" : 0,
    "retriesStatusChange" : false,
    "parameters" : [ "chrome" ]
  }, {
    "name" : "Fill in Contact form and verify it is submitted with lastname",
    "uid" : "a321b78075621018",
    "parentUid" : "b1a8273437954620fa374b796ffaacdd",
    "status" : "passed",
    "time" : {
      "start" : 1643361238047,
      "stop" : 1643361241135,
      "duration" : 3088
    },
    "flaky" : false,
    "newFailed" : false,
    "newPassed" : false,
    "newBroken" : false,
    "retriesCount" : 0,
    "retriesStatusChange" : false,
    "parameters" : [ "chrome" ]
  }, {
    "name" : "Fill in Contact form and verify it is submitted without lastname",
    "uid" : "a6c7e6529ad677c6",
    "parentUid" : "b1a8273437954620fa374b796ffaacdd",
    "status" : "passed",
    "time" : {
      "start" : 1643361245026,
      "stop" : 1643361247984,
      "duration" : 2958
    },
    "flaky" : false,
    "newFailed" : false,
    "newPassed" : false,
    "newBroken" : false,
    "retriesCount" : 0,
    "retriesStatusChange" : false,
    "parameters" : [ "chrome" ]
  } ]
}