{
  "uid" : "83edc06c07f9ae9e47eb6dd1b683e4e2",
  "name" : "packages",
  "children" : [ {
    "name" : "com.zyro.test.ContactPageTest",
    "children" : [ {
      "name" : "verifyContractFormPlaceholdersAndInputErrors",
      "uid" : "4d9f8314e6743505",
      "parentUid" : "124cc687a28a722074dbf971c8511a4e",
      "status" : "passed",
      "time" : {
        "start" : 1643361229374,
        "stop" : 1643361233808,
        "duration" : 4434
      },
      "flaky" : false,
      "newFailed" : false,
      "newPassed" : false,
      "newBroken" : false,
      "retriesCount" : 0,
      "retriesStatusChange" : false,
      "parameters" : [ "chrome" ]
    }, {
      "name" : "verifySubmitContactFormWithLastName",
      "uid" : "a321b78075621018",
      "parentUid" : "124cc687a28a722074dbf971c8511a4e",
      "status" : "passed",
      "time" : {
        "start" : 1643361238047,
        "stop" : 1643361241135,
        "duration" : 3088
      },
      "flaky" : false,
      "newFailed" : false,
      "newPassed" : false,
      "newBroken" : false,
      "retriesCount" : 0,
      "retriesStatusChange" : false,
      "parameters" : [ "chrome" ]
    }, {
      "name" : "verifySubmitContactFormWithoutLastName",
      "uid" : "a6c7e6529ad677c6",
      "parentUid" : "124cc687a28a722074dbf971c8511a4e",
      "status" : "passed",
      "time" : {
        "start" : 1643361245026,
        "stop" : 1643361247984,
        "duration" : 2958
      },
      "flaky" : false,
      "newFailed" : false,
      "newPassed" : false,
      "newBroken" : false,
      "retriesCount" : 0,
      "retriesStatusChange" : false,
      "parameters" : [ "chrome" ]
    } ],
    "uid" : "com.zyro.test.ContactPageTest"
  } ]
}