{
  "uid" : "98d3104e051c652961429bf95fa0b5d6",
  "name" : "suites",
  "children" : [ {
    "name" : "Multi browser test",
    "children" : [ {
      "name" : "Chrome execution",
      "children" : [ {
        "name" : "com.zyro.test.ContactPageTest",
        "children" : [ {
          "name" : "Verify placeholders and input errors",
          "uid" : "4d9f8314e6743505",
          "parentUid" : "8db47eac1b827160d1bd8e771e6c6781",
          "status" : "passed",
          "time" : {
            "start" : 1643361229374,
            "stop" : 1643361233808,
            "duration" : 4434
          },
          "flaky" : false,
          "newFailed" : false,
          "newPassed" : false,
          "newBroken" : false,
          "retriesCount" : 0,
          "retriesStatusChange" : false,
          "parameters" : [ "chrome" ]
        }, {
          "name" : "Fill in Contact form and verify it is submitted with lastname",
          "uid" : "a321b78075621018",
          "parentUid" : "8db47eac1b827160d1bd8e771e6c6781",
          "status" : "passed",
          "time" : {
            "start" : 1643361238047,
            "stop" : 1643361241135,
            "duration" : 3088
          },
          "flaky" : false,
          "newFailed" : false,
          "newPassed" : false,
          "newBroken" : false,
          "retriesCount" : 0,
          "retriesStatusChange" : false,
          "parameters" : [ "chrome" ]
        }, {
          "name" : "Fill in Contact form and verify it is submitted without lastname",
          "uid" : "a6c7e6529ad677c6",
          "parentUid" : "8db47eac1b827160d1bd8e771e6c6781",
          "status" : "passed",
          "time" : {
            "start" : 1643361245026,
            "stop" : 1643361247984,
            "duration" : 2958
          },
          "flaky" : false,
          "newFailed" : false,
          "newPassed" : false,
          "newBroken" : false,
          "retriesCount" : 0,
          "retriesStatusChange" : false,
          "parameters" : [ "chrome" ]
        } ],
        "uid" : "8db47eac1b827160d1bd8e771e6c6781"
      } ],
      "uid" : "edd940f531c45f2734ca1e87de5bedba"
    } ],
    "uid" : "b007d90a73fe2b0efb15402aced0f657"
  } ]
}